Store ID,Store Name,Business ID,Merchant Store ID,Payout Date,Currency,Subtotal,Subtotal Tax Passed by DoorDash to Merchant,Commission,Commission Tax,Drive Charge,Marketing Fees (for historical reference only) | (All discounts and fees),Marketing Fee Tax (for historical reference only) | (Taxes on any applicable marketing fees),Total Tips,Snap Ebt Discount,Error Charges,Adjustments | (for historical reference only),Total Before Adjustments,Net Payout,Transactions Start Local Date,Transactions End Local Date,Transactions Start UTC Date,Transactions End UTC Date,Payout ID,Payout Status,Tax Remitted by DoorDash to State,Printer Fee,Tablet Fee,Payment Processing Fee,Delivery Order Fee,Pickup Order Fee,Customer Delivery Fee,Customer Delivery Fee Tax,Customer Small Order Fee,Customer Small Order Fee Tax,Staff Tip,Courier Tip,Flexible Fulfillment Fee,Subscription Fee,Subtotal Tax Remitted by DoorDash to Tax Authorities,Customer Fee Tax Remitted by DoorDash to Tax Authorities,Customer Discounts from Marketing | (Funded by You),Customer Discounts from Marketing | (Funded by DoorDash),Customer Discounts from Marketing | (Funded by a Third-party),Marketing Fees | (Including any applicable taxes),DoorDash Marketing Credit,Third-party Contribution,Adjustments
787703,Pizza Palace (Reisterstown),252381,NULL,2025-05-13,USD,67.67,3.93,7.86,0.00,0.00,3.39,0.00,7.00,0.00,0.00,0.00,55.54,55.54,2025-05-09,2025-05-09,2025-05-09,2025-05-10,482751006,PAID,0.00,0.00,0.00,0.00,0.00,0.00,2.99,0.00,0.00,0.00,0.00,7.00,0.00,0.00,0.00,0.00,-2.40,0.00,0.00,-15.79,0.00,0.00,0.00
787703,Pizza Palace (Reisterstown),252381,NULL,2025-05-12,USD,337.26,19.44,39.93,0.00,0.00,16.80,0.00,42.53,0.00,0.00,0.00,303.33,303.33,2025-05-06,2025-05-08,2025-05-06,2025-05-08,482571564,PAID,0.00,0.00,0.00,0.00,0.00,0.00,5.98,0.00,0.00,0.00,0.00,42.53,0.00,0.00,0.00,0.00,-13.83,0.00,0.00,-48.12,0.00,0.00,0.00
787703,Pizza Palace (Reisterstown),252381,NULL,2025-05-09,USD,204.26,11.74,25.06,0.00,0.00,10.98,0.00,30.25,0.00,0.00,0.00,196.22,196.22,2025-05-05,2025-05-05,2025-05-05,2025-05-06,481685937,PAID,0.00,0.00,0.00,0.00,0.00,0.00,8.97,0.00,0.00,0.00,0.00,30.25,0.00,0.00,0.00,0.00,-9.00,0.00,0.00,-24.94,0.00,0.00,0.00
787703,Pizza Palace (Reisterstown),252381,NULL,2025-05-08,USD,131.66,7.23,16.88,0.00,0.00,14.37,0.00,16.00,0.00,0.00,0.00,115.45,115.45,2025-05-04,2025-05-04,2025-05-04,2025-05-05,481624859,PAID,0.00,0.00,3.00,0.00,0.00,0.00,5.98,0.00,0.00,0.00,0.00,16.00,0.00,0.00,0.00,0.00,-11.40,0.00,0.00,-14.14,0.00,0.00,0.00
787703,Pizza Palace (Reisterstown),252381,NULL,2025-05-07,USD,228.65,12.06,22.57,0.00,0.00,35.12,0.00,27.00,0.00,0.00,0.00,187.09,187.09,2025-05-03,2025-05-03,2025-05-03,2025-05-04,481067116,PAID,0.00,0.00,0.00,0.00,0.00,0.00,0.00,0.00,0.00,0.00,0.00,27.00,0.00,0.00,0.00,0.00,-28.19,0.00,0.00,-29.86,0.00,0.00,0.00
787703,Pizza Palace (Reisterstown),252381,NULL,2025-05-06,USD,218.83,12.15,23.89,0.00,0.00,19.62,0.00,22.00,0.00,0.00,0.00,196.44,196.44,2025-05-02,2025-05-02,2025-05-02,2025-05-03,481014264,PAID,0.00,0.00,0.00,0.00,0.00,0.00,5.98,0.00,0.00,0.00,0.00,22.00,0.00,0.00,0.00,0.00,-16.65,0.00,0.00,-21.98,0.00,0.00,0.00
787703,Pizza Palace (Reisterstown),252381,NULL,2025-05-05,USD,445.30,24.41,48.13,0.00,0.00,49.36,0.00,50.50,0.00,0.00,0.00,394.63,394.63,2025-04-29,2025-05-01,2025-04-29,2025-05-02,480823398,PAID,0.00,0.00,0.00,0.00,0.00,0.00,17.94,0.00,0.00,0.00,0.00,50.50,0.00,0.00,0.00,0.00,-39.46,0.00,0.00,-55.93,0.00,0.00,0.00
787703,Pizza Palace (Reisterstown),252381,NULL,2025-05-02,USD,67.47,3.87,4.20,0.00,0.00,3.99,0.00,5.00,0.00,0.00,0.00,56.81,56.81,2025-04-28,2025-04-28,2025-04-28,2025-04-29,479968326,PAID,0.00,0.00,0.00,1.21,0.00,0.00,0.00,0.00,0.00,0.00,0.00,5.00,0.00,0.00,0.00,0.00,-3.00,0.00,0.00,-11.12,0.00,0.00,0.00
787703,Pizza Palace (Reisterstown),252381,NULL,2025-05-01,USD,240.08,12.93,27.70,0.00,0.00,29.88,0.00,29.50,0.00,14.71,0.00,195.99,195.99,2025-04-27,2025-04-27,2025-04-27,2025-04-28,479926151,PAID,0.00,0.00,3.00,0.00,0.00,0.00,5.98,0.00,0.00,0.00,0.00,29.50,0.00,0.00,0.00,0.00,-24.93,0.00,0.00,-22.16,0.00,0.00,0.00
787703,Pizza Palace (Reisterstown),252381,NULL,2025-04-30,USD,191.37,10.42,22.05,0.00,0.00,21.98,0.00,25.00,0.00,0.00,0.00,174.67,174.67,2025-04-26,2025-04-26,2025-04-26,2025-04-27,479355986,PAID,0.00,0.00,0.00,0.00,0.00,0.00,5.98,0.00,0.00,0.00,0.00,25.00,0.00,0.00,0.00,0.00,-18.02,0.00,0.00,-18.03,0.00,0.00,0.00
787703,Pizza Palace (Reisterstown),252381,NULL,2025-04-29,USD,421.26,24.46,51.52,0.00,0.00,18.28,0.00,53.49,0.00,0.00,0.00,395.66,395.66,2025-04-25,2025-04-25,2025-04-25,2025-04-26,479300838,PAID,0.00,0.00,0.00,0.00,0.00,0.00,2.99,0.00,0.00,0.00,0.00,53.49,0.00,0.00,0.00,0.00,-14.32,0.00,0.00,-40.70,0.00,0.00,0.00
787703,Pizza Palace (Reisterstown),252381,NULL,2025-04-28,USD,208.00,11.45,20.36,0.00,0.00,22.46,0.00,20.00,0.00,0.00,0.00,184.36,184.36,2025-04-22,2025-04-24,2025-04-22,2025-04-25,479152636,PAID,0.00,0.00,0.00,0.00,0.00,0.00,2.99,0.00,0.00,0.00,2.00,18.00,0.00,0.00,0.00,0.00,-17.51,0.00,0.00,-20.21,0.00,0.00,0.00
787703,Pizza Palace (Reisterstown),252381,NULL,2025-04-25,USD,217.64,12.39,24.73,0.00,0.00,15.51,0.00,26.25,0.00,0.00,0.00,192.10,192.10,2025-04-21,2025-04-21,2025-04-21,2025-04-22,478302815,PAID,0.00,0.00,0.00,0.00,0.00,0.00,0.00,0.00,0.00,0.00,0.00,26.25,0.00,0.00,0.00,0.00,-11.55,0.00,0.00,-27.90,0.00,0.00,0.00
787703,Pizza Palace (Reisterstown),252381,NULL,2025-04-24,USD,148.90,8.23,18.99,0.00,0.00,13.98,0.00,16.50,0.00,0.00,0.00,139.32,139.32,2025-04-20,2025-04-20,2025-04-20,2025-04-21,478247203,PAID,0.00,0.00,3.00,0.00,0.00,0.00,5.98,0.00,0.00,0.00,0.00,16.50,0.00,0.00,0.00,0.00,-12.00,0.00,0.00,-6.30,0.00,0.00,0.00
787703,Pizza Palace (Reisterstown),252381,NULL,2025-04-23,USD,203.70,11.20,20.93,0.00,0.00,21.28,0.00,22.50,0.00,0.00,0.00,180.27,180.27,2025-04-19,2025-04-19,2025-04-19,2025-04-20,477696256,PAID,0.00,0.00,0.00,0.00,0.00,0.00,5.98,0.00,0.00,0.00,0.00,22.50,0.00,0.00,0.00,0.00,-17.32,0.00,0.00,-24.86,0.00,0.00,0.00
787703,Pizza Palace (Reisterstown),252381,NULL,2025-04-22,USD,77.40,4.34,9.47,0.00,0.00,7.33,0.00,7.50,0.00,0.00,0.00,77.80,77.80,2025-04-18,2025-04-18,2025-04-18,2025-04-19,477621734,PAID,0.00,0.00,0.00,0.00,0.00,0.00,11.96,0.00,0.00,0.00,0.00,7.50,0.00,0.00,0.00,0.00,-5.35,0.00,0.00,-8.58,0.00,0.00,0.00
787703,Pizza Palace (Reisterstown),252381,NULL,2025-04-21,USD,438.16,25.07,45.41,0.00,0.00,26.87,0.00,21.00,0.00,0.00,0.00,378.58,378.58,2025-04-15,2025-04-17,2025-04-15,2025-04-18,477451130,PAID,0.00,0.00,0.00,0.00,0.00,0.00,8.97,0.00,0.00,0.00,0.00,21.00,0.00,0.00,0.00,0.00,-20.93,0.00,0.00,-48.28,0.00,0.00,0.00
787703,Pizza Palace (Reisterstown),252381,NULL,2025-04-18,USD,119.13,6.46,12.89,0.00,0.00,14.67,0.00,17.00,0.00,0.00,0.00,98.72,98.72,2025-04-14,2025-04-14,2025-04-14,2025-04-15,476599011,PAID,0.00,0.00,0.00,0.00,0.00,0.00,0.00,0.00,0.00,0.00,0.00,17.00,0.00,0.00,0.00,0.00,-11.70,0.00,0.00,-19.28,0.00,0.00,0.00
787703,Pizza Palace (Reisterstown),252381,NULL,2025-04-17,USD,137.48,7.90,13.26,0.00,0.00,6.99,0.00,6.20,0.00,24.38,0.00,91.34,91.34,2025-04-13,2025-04-13,2025-04-13,2025-04-14,476558345,PAID,0.00,0.00,3.00,0.00,0.00,0.00,0.00,0.00,0.00,0.00,0.00,6.20,0.00,0.00,0.00,0.00,-6.00,0.00,0.00,-13.60,0.00,0.00,0.00
787703,Pizza Palace (Reisterstown),252381,NULL,2025-04-16,USD,127.42,7.01,15.54,0.00,0.00,13.84,0.00,11.00,0.00,0.00,0.00,114.91,114.91,2025-04-12,2025-04-12,2025-04-12,2025-04-13,476003035,PAID,0.00,0.00,0.00,0.00,0.00,0.00,5.98,0.00,0.00,0.00,0.00,11.00,0.00,0.00,0.00,0.00,-10.87,0.00,0.00,-10.09,0.00,0.00,0.00
787703,Pizza Palace (Reisterstown),252381,NULL,2025-04-15,USD,128.82,6.87,15.48,0.00,0.00,17.46,0.00,17.75,0.00,0.00,0.00,119.00,119.00,2025-04-11,2025-04-11,2025-04-12,2025-04-12,475948493,PAID,0.00,0.00,0.00,0.00,0.00,0.00,5.98,0.00,0.00,0.00,0.00,17.75,0.00,0.00,0.00,0.00,-14.49,0.00,0.00,-10.45,0.00,0.00,0.00
787703,Pizza Palace (Reisterstown),252381,NULL,2025-04-14,USD,385.42,22.54,42.76,0.00,0.00,31.32,0.00,38.50,0.00,0.00,0.00,389.01,389.01,2025-04-08,2025-04-10,2025-04-08,2025-04-10,475759795,PAID,0.00,0.00,0.00,2.31,0.00,0.00,18.94,0.00,0.00,0.00,0.00,38.50,0.00,0.00,0.00,0.00,-10.63,-6.81,0.00,-20.69,6.81,0.00,0.00
787703,Pizza Palace (Reisterstown),252381,NULL,2025-04-11,USD,80.70,4.39,8.75,0.00,0.00,9.73,0.00,7.50,0.00,27.24,0.00,46.87,46.87,2025-04-07,2025-04-07,2025-04-07,2025-04-08,474883384,PAID,0.00,0.00,0.00,0.00,0.00,0.00,0.00,0.00,0.00,0.00,0.00,7.50,0.00,0.00,0.00,0.00,-7.75,-2.60,0.00,-1.98,2.60,0.00,0.00
787703,Pizza Palace (Reisterstown),252381,NULL,2025-04-10,USD,137.17,7.43,13.98,0.00,0.00,16.53,0.00,14.50,0.00,14.89,0.00,113.69,113.69,2025-04-06,2025-04-06,2025-04-06,2025-04-07,474829359,PAID,0.00,0.00,3.00,0.00,0.00,0.00,2.99,0.00,0.00,0.00,0.00,14.50,0.00,0.00,0.00,0.00,-13.56,-4.54,0.00,-2.97,4.54,0.00,0.00
787703,Pizza Palace (Reisterstown),252381,NULL,2025-04-09,USD,170.19,9.05,18.51,0.00,0.00,39.45,0.00,19.50,0.00,0.00,0.00,143.77,143.77,2025-04-05,2025-04-05,2025-04-05,2025-04-06,474282910,PAID,0.00,0.00,0.00,0.00,0.00,0.00,2.99,0.00,0.00,0.00,0.00,19.50,0.00,0.00,0.00,0.00,-19.81,-4.72,0.00,-19.64,4.72,0.00,0.00
787703,Pizza Palace (Reisterstown),252381,NULL,2025-04-08,USD,147.12,7.70,16.59,0.00,0.00,34.87,0.00,15.50,0.00,0.00,0.00,124.84,124.84,2025-04-04,2025-04-04,2025-04-04,2025-04-05,474235978,PAID,0.00,0.00,0.00,0.00,0.00,0.00,5.98,0.00,0.00,0.00,0.00,15.50,0.00,0.00,0.00,0.00,-19.19,0.00,0.00,-15.68,0.00,0.00,0.00
787703,Pizza Palace (Reisterstown),252381,NULL,2025-04-07,USD,442.62,23.90,40.26,0.00,0.00,96.57,0.00,56.50,0.00,0.00,0.00,404.60,404.60,2025-04-01,2025-04-03,2025-04-01,2025-04-04,474074369,PAID,0.00,0.00,0.00,3.52,0.00,0.00,21.93,0.00,0.00,0.00,0.00,56.50,0.00,0.00,0.00,0.00,-45.16,-5.99,0.00,-51.41,5.99,0.00,0.00
787703,Pizza Palace (Reisterstown),252381,NULL,2025-04-04,USD,143.64,7.48,13.82,0.00,0.00,31.59,0.00,12.00,0.00,0.00,0.00,120.70,120.70,2025-03-31,2025-03-31,2025-03-31,2025-04-01,473151174,PAID,0.00,0.00,0.00,0.00,0.00,0.00,2.99,0.00,0.00,0.00,0.00,12.00,0.00,0.00,0.00,0.00,-19.44,0.00,0.00,-12.15,0.00,0.00,0.00
787703,Pizza Palace (Reisterstown),252381,NULL,2025-04-03,USD,246.44,13.28,27.29,0.00,0.00,61.27,0.00,31.00,0.00,0.00,0.00,205.14,205.14,2025-03-30,2025-03-30,2025-03-30,2025-03-31,473140237,PAID,0.00,0.00,3.00,0.00,0.00,0.00,5.98,0.00,0.00,0.00,0.00,31.00,0.00,0.00,0.00,0.00,-25.76,-26.59,0.00,-35.51,26.59,0.00,0.00
787703,Pizza Palace (Reisterstown),252381,NULL,2025-04-02,USD,194.78,10.05,17.61,0.00,0.00,63.99,0.00,20.50,0.00,0.00,0.00,143.73,143.73,2025-03-29,2025-03-29,2025-03-29,2025-03-30,472582341,PAID,0.00,0.00,0.00,0.00,0.00,0.00,0.00,0.00,0.00,0.00,0.00,20.50,0.00,0.00,0.00,0.00,-27.80,-6.91,0.00,-36.19,6.91,0.00,0.00
787703,Pizza Palace (Reisterstown),252381,NULL,2025-04-01,USD,136.51,7.00,14.43,0.00,0.00,35.50,0.00,19.00,0.00,0.00,0.00,115.57,115.57,2025-03-28,2025-03-28,2025-03-28,2025-03-29,472490571,PAID,0.00,0.00,0.00,0.00,0.00,0.00,2.99,0.00,0.00,0.00,0.00,19.00,0.00,0.00,0.00,0.00,-20.28,-3.84,0.00,-15.22,3.84,0.00,0.00
787703,Pizza Palace (Reisterstown),252381,NULL,2025-03-31,USD,371.31,19.42,39.35,0.00,0.00,98.04,0.00,43.00,0.00,0.00,0.00,308.30,308.30,2025-03-25,2025-03-27,2025-03-26,2025-03-28,472346118,PAID,0.00,0.00,0.00,0.00,0.00,0.00,11.96,0.00,0.00,0.00,0.00,43.00,0.00,0.00,0.00,0.00,-48.23,-7.67,0.00,-12.87,7.67,0.00,0.00
787703,Pizza Palace (Reisterstown),252381,NULL,2025-03-28,USD,114.88,5.94,13.22,0.00,0.00,42.97,0.00,9.00,0.00,0.00,0.00,79.61,79.61,2025-03-24,2025-03-24,2025-03-24,2025-03-25,471450320,PAID,0.00,0.00,0.00,0.00,0.00,0.00,5.98,0.00,0.00,0.00,0.00,9.00,0.00,0.00,0.00,0.00,-16.19,0.00,0.00,-4.95,0.00,0.00,0.00
787703,Pizza Palace (Reisterstown),252381,NULL,2025-03-27,USD,261.09,13.58,28.92,0.00,0.00,62.88,0.00,31.54,0.00,0.00,0.00,220.38,220.38,2025-03-23,2025-03-23,2025-03-23,2025-03-24,471416194,PAID,0.00,0.00,3.00,0.00,0.00,0.00,8.97,0.00,0.00,0.00,0.00,31.54,0.00,0.00,0.00,0.00,-35.81,-5.63,0.00,-8.91,5.63,0.00,0.00
787703,Pizza Palace (Reisterstown),252381,NULL,2025-03-26,USD,347.10,18.06,35.72,0.00,0.00,88.04,0.00,31.16,0.00,0.00,0.00,278.54,278.54,2025-03-22,2025-03-22,2025-03-22,2025-03-23,470842399,PAID,0.00,0.00,0.00,0.00,0.00,0.00,5.98,0.00,0.00,0.00,3.16,28.00,0.00,0.00,0.00,0.00,-46.33,-10.47,0.00,-9.90,10.47,0.00,0.00
787703,Pizza Palace (Reisterstown),252381,NULL,2025-03-25,USD,20.49,1.05,2.10,0.00,0.00,3.99,0.00,1.00,0.00,0.00,0.00,16.45,16.45,2025-03-21,2025-03-21,2025-03-21,2025-03-21,470811852,PAID,0.00,0.00,0.00,0.00,0.00,0.00,0.00,0.00,0.00,0.00,0.00,1.00,0.00,0.00,0.00,0.00,-3.00,-1.00,0.00,-0.99,1.00,0.00,0.00
787703,Pizza Palace (Reisterstown),252381,NULL,2025-03-24,USD,499.22,26.86,54.59,0.00,0.00,111.70,0.00,48.00,0.00,0.00,0.00,419.75,419.75,2025-03-18,2025-03-20,2025-03-18,2025-03-21,470600486,PAID,0.00,0.00,0.00,0.00,0.00,0.00,11.96,0.00,0.00,0.00,0.00,48.00,0.00,NULL,NULL,NULL,-52.25,-11.79,0.00,-11.88,11.79,0.00,0.00
787703,Pizza Palace (Reisterstown),252381,NULL,2025-03-21,USD,150.44,7.97,11.67,0.00,0.00,31.63,0.00,10.00,0.00,0.00,0.00,125.11,125.11,2025-03-17,2025-03-17,2025-03-17,2025-03-18,469733949,PAID,0.00,0.00,0.00,0.00,0.00,0.00,0.00,0.00,0.00,0.00,0.00,10.00,0.00,NULL,NULL,NULL,-17.92,-3.00,0.00,-3.96,3.00,0.00,0.00
787703,Pizza Palace (Reisterstown),252381,NULL,2025-03-20,USD,124.93,6.43,12.84,0.00,0.00,42.59,0.00,22.00,0.00,0.00,0.00,94.93,94.93,2025-03-16,2025-03-16,2025-03-16,2025-03-17,469717012,PAID,0.00,0.00,3.00,0.00,0.00,0.00,0.00,0.00,0.00,0.00,0.00,22.00,0.00,NULL,NULL,NULL,-18.00,-5.65,0.00,-4.95,5.65,0.00,0.00
787703,Pizza Palace (Reisterstown),252381,NULL,2025-03-19,USD,174.23,9.26,18.22,0.00,0.00,31.63,0.00,16.00,0.00,0.00,0.00,152.63,152.63,2025-03-15,2025-03-15,2025-03-15,2025-03-16,469129103,PAID,0.00,0.00,0.00,0.00,0.00,0.00,2.99,0.00,0.00,0.00,0.00,16.00,0.00,NULL,NULL,NULL,-20.17,0.00,0.00,-4.95,0.00,0.00,0.00
787703,Pizza Palace (Reisterstown),252381,NULL,2025-03-18,USD,237.34,12.37,27.27,0.00,0.00,57.68,0.00,32.50,0.00,0.00,0.00,209.22,209.22,2025-03-14,2025-03-14,2025-03-14,2025-03-15,469109769,PAID,0.00,0.00,0.00,0.00,0.00,0.00,11.96,0.00,0.00,0.00,0.00,32.50,0.00,NULL,NULL,NULL,-31.69,0.00,0.00,-6.93,0.00,0.00,0.00
787703,Pizza Palace (Reisterstown),252381,NULL,2025-03-17,USD,351.85,19.87,42.35,0.00,0.00,75.85,0.00,42.00,0.00,0.00,0.00,316.45,316.45,2025-03-11,2025-03-13,2025-03-11,2025-03-14,468929103,PAID,0.00,0.00,0.00,0.00,0.00,0.00,20.93,0.00,0.00,0.00,0.00,42.00,0.00,NULL,NULL,NULL,-21.43,0.00,0.00,-4.95,0.00,0.00,0.00
787703,Pizza Palace (Reisterstown),252381,NULL,2025-03-14,USD,202.52,11.82,24.57,0.00,0.00,31.87,0.00,25.50,0.00,0.00,0.00,189.38,189.38,2025-03-10,2025-03-10,2025-03-10,2025-03-11,468065726,PAID,0.00,0.00,0.00,0.00,0.00,0.00,5.98,0.00,0.00,0.00,0.00,25.50,0.00,NULL,NULL,NULL,0.00,0.00,0.00,0.00,0.00,0.00,0.00
787703,Pizza Palace (Reisterstown),252381,NULL,2025-03-13,USD,66.69,3.68,7.34,0.00,0.00,15.88,0.00,5.00,0.00,0.00,0.00,49.15,49.15,2025-03-09,2025-03-09,2025-03-09,2025-03-10,467999929,PAID,0.00,0.00,3.00,0.00,0.00,0.00,0.00,0.00,0.00,0.00,0.00,5.00,0.00,NULL,NULL,NULL,0.00,0.00,0.00,0.00,0.00,0.00,0.00
787703,Pizza Palace (Reisterstown),252381,NULL,2025-03-12,USD,177.03,9.79,20.90,0.00,0.00,38.56,0.00,24.00,0.00,0.00,0.00,160.33,160.33,2025-03-08,2025-03-08,2025-03-08,2025-03-09,467437927,PAID,0.00,0.00,0.00,0.00,0.00,0.00,8.97,0.00,0.00,0.00,0.00,24.00,0.00,NULL,NULL,NULL,0.00,0.00,0.00,0.00,0.00,0.00,0.00
787703,Pizza Palace (Reisterstown),252381,NULL,2025-03-11,USD,159.66,9.26,15.37,0.00,0.00,22.10,0.00,9.50,0.00,0.00,0.00,149.92,149.92,2025-03-07,2025-03-07,2025-03-07,2025-03-08,467372194,PAID,0.00,0.00,0.00,0.00,0.00,0.00,8.97,0.00,0.00,0.00,0.00,9.50,0.00,NULL,NULL,NULL,0.00,0.00,0.00,0.00,0.00,0.00,0.00
787703,Pizza Palace (Reisterstown),252381,NULL,2025-03-10,USD,245.28,14.09,24.87,0.00,0.00,33.16,0.00,27.93,0.00,0.00,0.00,240.28,240.28,2025-03-05,2025-03-06,2025-03-05,2025-03-07,467202735,PAID,0.00,0.00,0.00,1.95,0.00,0.00,12.96,0.00,0.00,0.00,0.00,27.93,0.00,NULL,NULL,NULL,0.00,0.00,0.00,0.00,0.00,0.00,0.00
787703,Pizza Palace (Reisterstown),252381,NULL,2025-03-07,USD,197.42,10.91,23.29,0.00,0.00,32.50,0.00,26.50,0.00,0.00,0.00,188.01,188.01,2025-03-03,2025-03-03,2025-03-03,2025-03-04,466345778,PAID,0.00,0.00,0.00,0.00,0.00,0.00,8.97,0.00,0.00,0.00,0.00,26.50,0.00,NULL,NULL,NULL,0.00,0.00,0.00,0.00,0.00,0.00,0.00
787703,Pizza Palace (Reisterstown),252381,NULL,2025-03-06,USD,205.49,11.35,20.85,0.00,0.00,31.85,0.00,19.50,0.00,0.00,0.00,183.63,183.63,2025-03-02,2025-03-02,2025-03-02,2025-03-03,466299122,PAID,0.00,0.00,3.00,0.00,0.00,0.00,2.99,0.00,0.00,0.00,0.00,19.50,0.00,NULL,NULL,NULL,0.00,0.00,0.00,0.00,0.00,0.00,0.00
787703,Pizza Palace (Reisterstown),252381,NULL,2025-03-05,USD,216.81,12.40,23.90,0.00,0.00,42.82,0.00,27.50,0.00,0.00,0.00,192.98,192.98,2025-03-01,2025-03-01,2025-03-01,2025-03-02,465746603,PAID,0.00,0.00,0.00,0.00,0.00,0.00,2.99,0.00,0.00,0.00,0.00,27.50,0.00,NULL,NULL,NULL,0.00,0.00,0.00,0.00,0.00,0.00,0.00
787703,Pizza Palace (Reisterstown),252381,NULL,2025-03-04,USD,192.33,11.05,23.70,0.00,0.00,27.45,0.00,17.50,0.00,0.00,0.00,175.71,175.71,2025-02-28,2025-02-28,2025-02-28,2025-03-01,465672564,PAID,0.00,0.00,0.00,0.00,0.00,0.00,5.98,0.00,0.00,0.00,0.00,17.50,0.00,NULL,NULL,NULL,0.00,0.00,0.00,0.00,0.00,0.00,0.00
787703,Pizza Palace (Reisterstown),252381,NULL,2025-03-03,USD,336.96,19.27,40.50,0.00,0.00,78.43,0.00,34.00,0.00,0.00,0.00,286.25,286.25,2025-02-25,2025-02-27,2025-02-25,2025-02-28,465481849,PAID,0.00,0.00,0.00,0.00,0.00,0.00,14.95,0.00,0.00,0.00,0.00,34.00,0.00,NULL,NULL,NULL,0.00,0.00,0.00,0.00,0.00,0.00,0.00
787703,Pizza Palace (Reisterstown),252381,NULL,2025-02-28,USD,137.34,8.08,17.22,0.00,0.00,6.84,0.00,9.62,0.00,0.00,0.00,136.96,136.96,2025-02-24,2025-02-24,2025-02-24,2025-02-25,464638404,PAID,0.00,0.00,0.00,0.00,0.00,0.00,5.98,0.00,0.00,0.00,0.00,9.62,0.00,NULL,NULL,NULL,0.00,0.00,0.00,0.00,0.00,0.00,0.00
787703,Pizza Palace (Reisterstown),252381,NULL,2025-02-27,USD,318.72,18.11,38.89,0.00,0.00,58.38,0.00,47.79,0.00,0.00,0.00,293.32,293.32,2025-02-23,2025-02-23,2025-02-23,2025-02-24,464600653,PAID,0.00,0.00,3.00,0.00,0.00,0.00,8.97,0.00,0.00,0.00,0.00,47.79,0.00,NULL,NULL,NULL,0.00,0.00,0.00,0.00,0.00,0.00,0.00
787703,Pizza Palace (Reisterstown),252381,NULL,2025-02-26,USD,225.88,12.62,28.83,0.00,0.00,49.58,0.00,22.00,0.00,0.00,0.00,197.04,197.04,2025-02-22,2025-02-22,2025-02-22,2025-02-23,464032260,PAID,0.00,0.00,0.00,0.00,0.00,0.00,14.95,0.00,0.00,0.00,0.00,22.00,0.00,NULL,NULL,NULL,0.00,0.00,0.00,0.00,0.00,0.00,0.00
787703,Pizza Palace (Reisterstown),252381,NULL,2025-02-25,USD,139.55,7.86,15.70,0.00,0.00,10.66,0.00,16.50,0.00,0.00,0.00,137.55,137.55,2025-02-21,2025-02-21,2025-02-22,2025-02-22,463988476,PAID,0.00,0.00,0.00,0.00,0.00,0.00,0.00,0.00,0.00,0.00,0.00,16.50,0.00,NULL,NULL,NULL,0.00,0.00,0.00,0.00,0.00,0.00,0.00
787703,Pizza Palace (Reisterstown),252381,NULL,2025-02-24,USD,609.20,34.13,70.19,0.00,0.00,99.54,0.00,63.00,0.00,0.00,0.00,548.56,548.56,2025-02-18,2025-02-20,2025-02-18,2025-02-21,463823814,PAID,0.00,0.00,0.00,0.00,0.00,0.00,11.96,0.00,0.00,0.00,0.00,63.00,0.00,NULL,NULL,NULL,0.00,0.00,0.00,0.00,0.00,0.00,0.00
787703,Pizza Palace (Reisterstown),252381,NULL,2025-02-21,USD,43.96,2.64,5.70,0.00,0.00,0.00,0.00,8.00,0.00,0.00,0.00,51.89,51.89,2025-02-17,2025-02-17,2025-02-17,2025-02-17,462934614,PAID,0.00,0.00,0.00,0.00,0.00,0.00,2.99,0.00,0.00,0.00,0.00,8.00,0.00,NULL,NULL,NULL,0.00,0.00,0.00,0.00,0.00,0.00,0.00
787703,Pizza Palace (Reisterstown),252381,NULL,2025-02-20,USD,268.68,15.31,31.79,0.00,0.00,39.94,0.00,26.86,0.00,0.00,0.00,239.11,239.11,2025-02-16,2025-02-16,2025-02-16,2025-02-17,462916913,PAID,0.00,0.00,3.00,0.00,0.00,0.00,2.99,0.00,0.00,0.00,0.00,26.86,0.00,NULL,NULL,NULL,0.00,0.00,0.00,0.00,0.00,0.00,0.00
787703,Pizza Palace (Reisterstown),252381,NULL,2025-02-19,USD,152.87,8.38,15.08,0.00,0.00,39.08,0.00,15.00,0.00,0.00,0.00,128.07,128.07,2025-02-15,2025-02-15,2025-02-15,2025-02-16,462332405,PAID,0.00,0.00,0.00,0.00,0.00,0.00,5.98,0.00,0.00,0.00,0.00,15.00,0.00,NULL,NULL,NULL,0.00,0.00,0.00,0.00,0.00,0.00,0.00
787703,Pizza Palace (Reisterstown),252381,NULL,2025-02-18,USD,274.41,14.93,28.65,0.00,0.00,51.63,0.00,19.00,0.00,0.00,0.00,231.05,231.05,2025-02-14,2025-02-14,2025-02-14,2025-02-15,462303134,PAID,0.00,0.00,0.00,0.00,0.00,0.00,2.99,0.00,0.00,0.00,0.00,19.00,0.00,NULL,NULL,NULL,0.00,0.00,0.00,0.00,0.00,0.00,0.00
787703,Pizza Palace (Reisterstown),252381,NULL,2025-02-17,USD,342.06,18.07,40.72,0.00,0.00,84.37,0.00,35.00,0.00,0.00,0.00,284.99,284.99,2025-02-11,2025-02-13,2025-02-11,2025-02-14,462120649,PAID,0.00,0.00,0.00,0.00,0.00,0.00,14.95,0.00,0.00,0.00,0.00,35.00,0.00,NULL,NULL,NULL,0.00,0.00,0.00,0.00,0.00,0.00,0.00
787703,Pizza Palace (Reisterstown),252381,NULL,2025-02-14,USD,63.86,3.39,7.96,0.00,0.00,19.43,0.00,13.50,0.00,0.00,0.00,59.34,59.34,2025-02-10,2025-02-10,2025-02-11,2025-02-11,461284267,PAID,0.00,0.00,0.00,0.00,0.00,0.00,5.98,0.00,0.00,0.00,0.00,13.50,0.00,NULL,NULL,NULL,0.00,0.00,0.00,0.00,0.00,0.00,0.00
787703,Pizza Palace (Reisterstown),252381,NULL,2025-02-13,USD,198.17,10.50,23.39,0.00,0.00,51.54,0.00,27.00,0.00,0.00,0.00,169.70,169.70,2025-02-09,2025-02-09,2025-02-09,2025-02-10,461207940,PAID,0.00,0.00,3.00,0.00,0.00,0.00,11.96,0.00,0.00,0.00,0.00,27.00,0.00,NULL,NULL,NULL,0.00,0.00,0.00,0.00,0.00,0.00,0.00
787703,Pizza Palace (Reisterstown),252381,NULL,2025-02-12,USD,138.90,7.37,15.41,0.00,0.00,29.11,0.00,21.50,0.00,0.00,0.00,129.23,129.23,2025-02-08,2025-02-08,2025-02-08,2025-02-09,460669690,PAID,0.00,0.00,0.00,0.00,0.00,0.00,5.98,0.00,0.00,0.00,0.00,21.50,0.00,NULL,NULL,NULL,0.00,0.00,0.00,0.00,0.00,0.00,0.00
787703,Pizza Palace (Reisterstown),252381,NULL,2025-02-11,USD,233.00,12.95,24.02,0.00,0.00,40.49,0.00,24.84,0.00,0.00,0.00,213.82,213.82,2025-02-07,2025-02-07,2025-02-07,2025-02-08,460620743,PAID,0.00,0.00,0.00,1.43,0.00,0.00,8.97,0.00,0.00,0.00,3.34,21.50,0.00,NULL,NULL,NULL,0.00,0.00,0.00,0.00,0.00,0.00,0.00
787703,Pizza Palace (Reisterstown),252381,NULL,2025-02-10,USD,504.83,26.99,57.34,0.00,0.00,123.51,0.00,69.51,0.00,0.00,0.00,432.44,432.44,2025-02-04,2025-02-06,2025-02-04,2025-02-07,460428448,PAID,0.00,0.00,0.00,0.00,0.00,0.00,11.96,0.00,0.00,0.00,0.00,69.51,0.00,NULL,NULL,NULL,0.00,0.00,0.00,0.00,0.00,0.00,0.00
787703,Pizza Palace (Reisterstown),252381,NULL,2025-02-07,USD,51.91,2.76,6.89,0.00,0.00,6.99,0.00,4.50,0.00,0.00,0.00,51.27,51.27,2025-02-03,2025-02-03,2025-02-03,2025-02-04,459611193,PAID,0.00,0.00,0.00,0.00,0.00,0.00,5.98,0.00,0.00,0.00,0.00,4.50,0.00,NULL,NULL,NULL,0.00,0.00,0.00,0.00,0.00,0.00,0.00
787703,Pizza Palace (Reisterstown),252381,NULL,2025-02-06,USD,233.71,12.83,24.96,0.00,0.00,39.20,0.00,22.50,0.00,0.00,0.00,204.87,204.87,2025-02-02,2025-02-02,2025-02-02,2025-02-03,459546839,PAID,0.00,0.00,3.00,0.00,0.00,0.00,2.99,0.00,0.00,0.00,0.00,22.50,0.00,NULL,NULL,NULL,0.00,0.00,0.00,0.00,0.00,0.00,0.00
787703,Pizza Palace (Reisterstown),252381,NULL,2025-02-05,USD,187.51,10.08,22.53,0.00,0.00,36.59,0.00,20.00,0.00,0.00,0.00,167.44,167.44,2025-02-01,2025-02-01,2025-02-01,2025-02-02,459036231,PAID,0.00,0.00,0.00,0.00,0.00,0.00,8.97,0.00,0.00,0.00,0.00,20.00,0.00,NULL,NULL,NULL,0.00,0.00,0.00,0.00,0.00,0.00,0.00
787703,Pizza Palace (Reisterstown),252381,NULL,2025-02-04,USD,152.86,7.96,11.92,0.00,0.00,45.83,0.00,8.00,0.00,0.00,0.00,111.07,111.07,2025-01-31,2025-01-31,2025-01-31,2025-02-01,458986622,PAID,0.00,0.00,0.00,0.00,0.00,0.00,0.00,0.00,0.00,0.00,0.00,8.00,0.00,NULL,NULL,NULL,0.00,0.00,0.00,0.00,0.00,0.00,0.00
787703,Pizza Palace (Reisterstown),252381,NULL,2025-02-03,USD,362.65,19.14,44.43,0.00,0.00,99.57,0.00,33.35,0.00,0.00,0.00,301.04,301.04,2025-01-28,2025-01-30,2025-01-28,2025-01-31,458803900,PAID,0.00,0.00,0.00,0.00,0.00,0.00,29.90,0.00,0.00,0.00,0.00,33.35,0.00,NULL,NULL,NULL,0.00,0.00,0.00,0.00,0.00,0.00,0.00
787703,Pizza Palace (Reisterstown),252381,NULL,2025-01-31,USD,22.49,1.17,2.34,0.00,0.00,9.84,0.00,2.50,0.00,0.00,0.00,13.98,13.98,2025-01-27,2025-01-27,2025-01-27,2025-01-28,457977299,PAID,0.00,0.00,0.00,0.00,0.00,0.00,0.00,0.00,0.00,0.00,0.00,2.50,0.00,NULL,NULL,NULL,0.00,0.00,0.00,0.00,0.00,0.00,0.00
787703,Pizza Palace (Reisterstown),252381,NULL,2025-01-30,USD,231.26,12.20,28.15,0.00,0.00,54.70,0.00,33.09,0.00,0.00,0.00,202.66,202.66,2025-01-26,2025-01-26,2025-01-26,2025-01-27,457911498,PAID,0.00,0.00,3.00,0.00,0.00,0.00,11.96,0.00,0.00,0.00,0.00,33.09,0.00,NULL,NULL,NULL,0.00,0.00,0.00,0.00,0.00,0.00,0.00
787703,Pizza Palace (Reisterstown),252381,NULL,2025-01-29,USD,74.70,4.00,6.23,0.00,0.00,21.55,0.00,2.00,0.00,0.00,0.00,52.92,52.92,2025-01-25,2025-01-25,2025-01-25,2025-01-26,457385015,PAID,0.00,0.00,0.00,0.00,0.00,0.00,0.00,0.00,0.00,0.00,0.00,2.00,0.00,NULL,NULL,NULL,0.00,0.00,0.00,0.00,0.00,0.00,0.00
787703,Pizza Palace (Reisterstown),252381,NULL,2025-01-28,USD,154.31,8.05,19.09,0.00,0.00,34.42,0.00,13.00,0.00,0.00,0.00,133.81,133.81,2025-01-24,2025-01-24,2025-01-24,2025-01-25,457314786,PAID,0.00,0.00,0.00,0.00,0.00,0.00,11.96,0.00,0.00,0.00,0.00,13.00,0.00,NULL,NULL,NULL,0.00,0.00,0.00,0.00,0.00,0.00,0.00
787703,Pizza Palace (Reisterstown),252381,NULL,2025-01-27,USD,298.67,16.49,28.51,0.00,0.00,52.13,0.00,23.50,0.00,0.00,0.00,261.01,261.01,2025-01-21,2025-01-23,2025-01-21,2025-01-24,457162546,PAID,0.00,0.00,0.00,0.00,0.00,0.00,2.99,0.00,0.00,0.00,0.00,23.50,0.00,NULL,NULL,NULL,0.00,0.00,0.00,0.00,0.00,0.00,0.00
787703,Pizza Palace (Reisterstown),252381,NULL,2025-01-24,USD,111.18,5.84,12.22,0.00,0.00,26.74,0.00,18.00,0.00,0.00,0.00,99.05,99.05,2025-01-20,2025-01-20,2025-01-20,2025-01-21,456312210,PAID,0.00,0.00,0.00,0.00,0.00,0.00,2.99,0.00,0.00,0.00,0.00,18.00,0.00,NULL,NULL,NULL,0.00,0.00,0.00,0.00,0.00,0.00,0.00
787703,Pizza Palace (Reisterstown),252381,NULL,2025-01-23,USD,272.63,14.37,28.64,0.00,0.00,50.99,0.00,23.00,0.00,0.00,0.00,230.36,230.36,2025-01-19,2025-01-19,2025-01-19,2025-01-20,456253959,PAID,0.00,0.00,3.00,0.00,0.00,0.00,2.99,0.00,0.00,0.00,0.00,23.00,0.00,NULL,NULL,NULL,0.00,0.00,0.00,0.00,0.00,0.00,0.00
787703,Pizza Palace (Reisterstown),252381,NULL,2025-01-22,USD,213.35,11.36,20.68,0.00,0.00,53.29,0.00,14.00,0.00,0.00,0.00,167.73,167.73,2025-01-18,2025-01-18,2025-01-18,2025-01-19,455711790,PAID,0.00,0.00,0.00,0.00,0.00,0.00,2.99,0.00,0.00,0.00,0.00,14.00,0.00,NULL,NULL,NULL,0.00,0.00,0.00,0.00,0.00,0.00,0.00
787703,Pizza Palace (Reisterstown),252381,NULL,2025-01-21,USD,99.88,5.49,10.03,0.00,0.00,26.21,0.00,11.00,0.00,0.00,0.00,80.13,80.13,2025-01-17,2025-01-17,2025-01-17,2025-01-18,455670568,PAID,0.00,0.00,0.00,0.00,0.00,0.00,0.00,0.00,0.00,0.00,0.00,11.00,0.00,NULL,NULL,NULL,0.00,0.00,0.00,0.00,0.00,0.00,0.00
787703,Pizza Palace (Reisterstown),252381,NULL,2025-01-20,USD,105.93,5.64,9.84,0.00,0.00,22.86,0.00,10.50,0.00,0.00,0.00,89.37,89.37,2025-01-14,2025-01-16,2025-01-15,2025-01-17,455490891,PAID,0.00,0.00,0.00,0.00,0.00,0.00,0.00,0.00,0.00,0.00,0.00,10.50,0.00,NULL,NULL,NULL,0.00,0.00,0.00,0.00,0.00,0.00,0.00
787703,Pizza Palace (Reisterstown),252381,NULL,2025-01-17,USD,150.45,7.98,16.91,0.00,0.00,38.91,0.00,17.00,0.00,0.00,0.00,125.59,125.59,2025-01-13,2025-01-13,2025-01-13,2025-01-14,454673840,PAID,0.00,0.00,0.00,0.00,0.00,0.00,5.98,0.00,0.00,0.00,0.00,17.00,0.00,NULL,NULL,NULL,0.00,0.00,0.00,0.00,0.00,0.00,0.00
787703,Pizza Palace (Reisterstown),252381,NULL,2025-01-16,USD,82.15,4.76,9.50,0.00,0.00,19.14,0.00,10.00,0.00,0.00,0.00,65.27,65.27,2025-01-12,2025-01-12,2025-01-12,2025-01-13,454589066,PAID,0.00,0.00,3.00,0.00,0.00,0.00,0.00,0.00,0.00,0.00,0.00,10.00,0.00,NULL,NULL,NULL,0.00,0.00,0.00,0.00,0.00,0.00,0.00
787703,Pizza Palace (Reisterstown),252381,NULL,2025-01-15,USD,463.27,26.61,48.70,0.00,0.00,33.69,0.00,47.40,0.00,0.00,0.00,454.21,454.21,2025-01-11,2025-01-11,2025-01-11,2025-01-12,454088811,PAID,0.00,0.00,0.00,0.68,0.00,0.00,0.00,0.00,0.00,0.00,0.00,47.40,0.00,NULL,NULL,NULL,0.00,0.00,0.00,0.00,0.00,0.00,0.00
787703,Pizza Palace (Reisterstown),252381,NULL,2025-01-14,USD,63.96,3.48,3.48,0.00,0.00,6.99,0.00,0.00,0.00,0.00,0.00,56.97,56.97,2025-01-10,2025-01-10,2025-01-10,2025-01-10,454005928,PAID,0.00,0.00,0.00,0.00,0.00,0.00,0.00,0.00,0.00,0.00,0.00,0.00,0.00,NULL,NULL,NULL,0.00,0.00,0.00,0.00,0.00,0.00,0.00
787703,Pizza Palace (Reisterstown),252381,NULL,2025-01-13,USD,197.61,11.55,22.36,0.00,0.00,17.51,0.00,23.00,0.00,0.00,0.00,195.28,195.28,2025-01-07,2025-01-09,2025-01-07,2025-01-10,453826164,PAID,0.00,0.00,0.00,0.00,0.00,0.00,2.99,0.00,0.00,0.00,0.00,23.00,0.00,NULL,NULL,NULL,0.00,0.00,0.00,0.00,0.00,0.00,0.00
787703,Pizza Palace (Reisterstown),252381,NULL,2025-01-10,USD,213.79,11.45,22.13,0.00,0.00,55.97,0.00,28.25,0.00,76.88,0.00,104.49,104.49,2025-01-06,2025-01-06,2025-01-07,2025-01-07,453009065,PAID,0.00,0.00,0.00,0.00,0.00,0.00,5.98,0.00,0.00,0.00,0.00,28.25,0.00,NULL,NULL,NULL,0.00,0.00,0.00,0.00,0.00,0.00,0.00
787703,Pizza Palace (Reisterstown),252381,NULL,2025-01-09,USD,136.76,7.11,14.19,0.00,0.00,42.44,0.00,13.00,0.00,0.00,0.00,97.24,97.24,2025-01-05,2025-01-05,2025-01-05,2025-01-06,452981812,PAID,0.00,0.00,3.00,0.00,0.00,0.00,0.00,0.00,0.00,0.00,0.00,13.00,0.00,NULL,NULL,NULL,0.00,0.00,0.00,0.00,0.00,0.00,0.00
787703,Pizza Palace (Reisterstown),252381,NULL,2025-01-08,USD,280.94,15.12,26.47,0.00,0.00,51.03,0.00,30.50,0.00,5.00,0.00,251.20,251.20,2025-01-04,2025-01-04,2025-01-04,2025-01-05,452431330,PAID,0.00,0.00,0.00,1.83,0.00,0.00,8.97,0.00,0.00,0.00,0.00,30.50,0.00,NULL,NULL,NULL,0.00,0.00,0.00,0.00,0.00,0.00,0.00
787703,Pizza Palace (Reisterstown),252381,NULL,2025-01-07,USD,120.07,6.42,11.88,0.00,0.00,38.60,0.00,15.00,0.00,0.00,0.00,96.99,96.99,2025-01-03,2025-01-03,2025-01-03,2025-01-04,452382046,PAID,0.00,0.00,0.00,0.00,0.00,0.00,5.98,0.00,0.00,0.00,0.00,15.00,0.00,NULL,NULL,NULL,0.00,0.00,0.00,0.00,0.00,0.00,0.00
787703,Pizza Palace (Reisterstown),252381,NULL,2025-01-06,USD,641.22,35.80,67.94,0.00,0.00,81.77,0.00,79.49,0.00,0.00,0.00,626.25,626.25,2024-12-31,2025-01-02,2024-12-31,2025-01-03,452183496,PAID,0.00,0.00,0.00,1.48,0.00,0.00,20.93,0.00,0.00,0.00,3.49,76.00,0.00,NULL,NULL,NULL,0.00,0.00,0.00,0.00,0.00,0.00,0.00
787703,Pizza Palace (Reisterstown),252381,NULL,2025-01-03,USD,284.48,15.22,27.10,0.00,0.00,62.04,0.00,38.50,0.00,0.00,0.00,254.41,254.41,2024-12-30,2024-12-30,2024-12-30,2024-12-31,451368935,PAID,0.00,0.00,0.00,1.63,0.00,0.00,6.98,0.00,0.00,0.00,0.00,38.50,0.00,NULL,NULL,NULL,0.00,0.00,0.00,0.00,0.00,0.00,0.00
787703,Pizza Palace (Reisterstown),252381,NULL,2025-01-02,USD,109.62,6.41,13.52,0.00,0.00,14.89,0.00,13.04,0.00,0.00,0.00,103.64,103.64,2024-12-29,2024-12-29,2024-12-29,2024-12-30,451308009,PAID,0.00,0.00,3.00,0.00,0.00,0.00,5.98,0.00,0.00,0.00,0.00,13.04,0.00,NULL,NULL,NULL,0.00,0.00,0.00,0.00,0.00,0.00,0.00
787703,Pizza Palace (Reisterstown),252381,NULL,2025-01-01,USD,57.61,3.18,5.60,0.00,0.00,20.99,0.00,0.00,0.00,0.00,0.00,34.20,34.20,2024-12-28,2024-12-28,2024-12-28,2024-12-29,450777731,PAID,0.00,0.00,0.00,0.00,0.00,0.00,0.00,0.00,0.00,0.00,0.00,0.00,0.00,NULL,NULL,NULL,0.00,0.00,0.00,0.00,0.00,0.00,0.00
787703,Pizza Palace (Reisterstown),252381,NULL,2024-12-31,USD,73.41,4.23,7.37,0.00,0.00,18.74,0.00,5.00,0.00,0.00,0.00,56.53,56.53,2024-12-27,2024-12-27,2024-12-27,2024-12-28,450730701,PAID,0.00,0.00,0.00,0.00,0.00,0.00,0.00,0.00,0.00,0.00,0.00,5.00,0.00,NULL,NULL,NULL,0.00,0.00,0.00,0.00,0.00,0.00,0.00
787703,Pizza Palace (Reisterstown),252381,NULL,2024-12-30,USD,266.56,14.82,25.65,0.00,0.00,49.20,0.00,36.54,0.00,17.67,0.00,224.24,224.24,2024-12-24,2024-12-26,2024-12-24,2024-12-27,450578800,PAID,0.00,0.00,0.00,1.16,0.00,0.00,0.00,0.00,0.00,0.00,2.54,34.00,0.00,NULL,NULL,NULL,0.00,0.00,0.00,0.00,0.00,0.00,0.00
787703,Pizza Palace (Reisterstown),252381,NULL,2024-12-27,USD,201.83,11.64,22.65,0.00,0.00,21.93,0.00,23.97,0.00,0.00,0.00,198.04,198.04,2024-12-23,2024-12-23,2024-12-23,2024-12-24,449777273,PAID,0.00,0.00,0.00,0.80,0.00,0.00,5.98,0.00,0.00,0.00,1.47,22.50,0.00,NULL,NULL,NULL,0.00,0.00,0.00,0.00,0.00,0.00,0.00
787703,Pizza Palace (Reisterstown),252381,NULL,2024-12-26,USD,345.79,18.66,39.59,0.00,0.00,85.18,0.00,52.75,0.00,0.00,0.00,298.40,298.40,2024-12-22,2024-12-22,2024-12-22,2024-12-23,449717545,PAID,0.00,0.00,3.00,0.00,0.00,0.00,8.97,0.00,0.00,0.00,0.00,52.75,0.00,NULL,NULL,NULL,0.00,0.00,0.00,0.00,0.00,0.00,0.00
787703,Pizza Palace (Reisterstown),252381,NULL,2024-12-25,USD,191.63,10.62,22.67,0.00,0.00,23.82,0.00,17.50,0.00,0.00,0.00,176.25,176.25,2024-12-21,2024-12-21,2024-12-21,2024-12-22,449167928,PAID,0.00,0.00,0.00,0.00,0.00,0.00,2.99,0.00,0.00,0.00,0.00,17.50,0.00,NULL,NULL,NULL,0.00,0.00,0.00,0.00,0.00,0.00,0.00
787703,Pizza Palace (Reisterstown),252381,NULL,2024-12-24,USD,23.98,1.26,3.15,0.00,0.00,3.99,0.00,3.50,0.00,0.00,0.00,24.59,24.59,2024-12-20,2024-12-20,2024-12-21,2024-12-21,449093066,PAID,0.00,0.00,0.00,0.00,0.00,0.00,2.99,0.00,0.00,0.00,0.00,3.50,0.00,NULL,NULL,NULL,0.00,0.00,0.00,0.00,0.00,0.00,0.00
787703,Pizza Palace (Reisterstown),252381,NULL,2024-12-23,USD,453.65,25.04,45.51,0.00,0.00,87.43,0.00,43.00,0.00,0.00,0.00,396.65,396.65,2024-12-17,2024-12-19,2024-12-17,2024-12-20,448258834,PAID,0.00,0.00,0.00,1.07,0.00,0.00,8.97,0.00,0.00,0.00,0.00,43.00,0.00,NULL,NULL,NULL,0.00,0.00,0.00,0.00,0.00,0.00,0.00
787703,Pizza Palace (Reisterstown),252381,NULL,2024-12-20,USD,51.91,2.76,5.51,0.00,0.00,7.98,0.00,7.50,0.00,0.00,0.00,48.68,48.68,2024-12-16,2024-12-16,2024-12-16,2024-12-16,448136703,PAID,0.00,0.00,0.00,0.00,0.00,0.00,0.00,0.00,0.00,0.00,0.00,7.50,0.00,NULL,NULL,NULL,0.00,0.00,0.00,0.00,0.00,0.00,0.00
787703,Pizza Palace (Reisterstown),252381,NULL,2024-12-19,USD,239.79,12.68,21.70,0.00,0.00,60.96,0.00,24.89,0.00,3.68,0.00,192.01,192.01,2024-12-15,2024-12-15,2024-12-15,2024-12-16,448095010,PAID,0.00,0.00,3.00,1.99,0.00,0.00,5.98,0.00,0.00,0.00,5.14,19.75,0.00,NULL,NULL,NULL,0.00,0.00,0.00,0.00,0.00,0.00,0.00
787703,Pizza Palace (Reisterstown),252381,NULL,2024-12-18,USD,23.98,1.26,3.15,0.00,0.00,10.07,0.00,2.00,0.00,16.84,0.00,0.17,0.17,2024-12-14,2024-12-14,2024-12-15,2024-12-15,447514893,PAID,0.00,0.00,0.00,0.00,0.00,0.00,2.99,0.00,0.00,0.00,0.00,2.00,0.00,NULL,NULL,NULL,0.00,0.00,0.00,0.00,0.00,0.00,0.00
787703,Pizza Palace (Reisterstown),252381,NULL,2024-12-17,USD,189.60,9.88,19.54,0.00,0.00,30.22,0.00,14.50,0.00,0.00,0.00,167.21,167.21,2024-12-13,2024-12-13,2024-12-13,2024-12-14,447477960,PAID,0.00,0.00,0.00,0.00,0.00,0.00,2.99,0.00,0.00,0.00,0.00,14.50,0.00,NULL,NULL,NULL,0.00,0.00,0.00,0.00,0.00,0.00,0.00
787703,Pizza Palace (Reisterstown),252381,NULL,2024-12-16,USD,296.82,15.75,31.58,0.00,0.00,71.08,0.00,35.00,0.00,0.00,0.00,250.89,250.89,2024-12-10,2024-12-12,2024-12-11,2024-12-13,446618440,PAID,0.00,0.00,0.00,0.00,0.00,0.00,5.98,0.00,0.00,0.00,0.00,35.00,0.00,NULL,NULL,NULL,0.00,0.00,0.00,0.00,0.00,0.00,0.00
787703,Pizza Palace (Reisterstown),252381,NULL,2024-12-13,USD,119.68,6.50,15.64,0.00,0.00,18.57,0.00,20.50,0.00,0.00,0.00,118.45,118.45,2024-12-09,2024-12-09,2024-12-09,2024-12-10,446524911,PAID,0.00,0.00,0.00,0.00,0.00,0.00,5.98,0.00,0.00,0.00,0.00,20.50,0.00,NULL,NULL,NULL,0.00,0.00,0.00,0.00,0.00,0.00,0.00
787703,Pizza Palace (Reisterstown),252381,NULL,2024-12-12,USD,117.69,6.35,12.69,0.00,0.00,13.98,0.00,10.75,0.00,0.00,0.00,105.12,105.12,2024-12-08,2024-12-08,2024-12-08,2024-12-08,446482003,PAID,0.00,0.00,3.00,0.00,0.00,0.00,0.00,0.00,0.00,0.00,0.00,10.75,0.00,NULL,NULL,NULL,0.00,0.00,0.00,0.00,0.00,0.00,0.00
787703,Pizza Palace (Reisterstown),252381,NULL,2024-12-11,USD,280.45,15.27,21.23,0.00,0.00,47.84,0.00,18.20,0.00,0.00,0.00,255.83,255.83,2024-12-07,2024-12-07,2024-12-07,2024-12-08,445923761,PAID,0.00,0.00,0.00,1.98,0.00,0.00,12.96,0.00,0.00,0.00,0.00,18.20,0.00,NULL,NULL,NULL,0.00,0.00,0.00,0.00,0.00,0.00,0.00
787703,Pizza Palace (Reisterstown),252381,NULL,2024-12-10,USD,247.30,12.70,25.45,0.00,0.00,50.10,0.00,30.00,0.00,0.00,0.00,220.43,220.43,2024-12-06,2024-12-06,2024-12-06,2024-12-07,445870974,PAID,0.00,0.00,0.00,0.00,0.00,0.00,5.98,0.00,0.00,0.00,0.00,30.00,0.00,NULL,NULL,NULL,0.00,0.00,0.00,0.00,0.00,0.00,0.00
787703,Pizza Palace (Reisterstown),252381,NULL,2024-12-09,USD,404.26,21.36,37.11,0.00,0.00,100.22,0.00,35.00,0.00,0.00,0.00,325.03,325.03,2024-12-03,2024-12-05,2024-12-03,2024-12-06,445671781,PAID,0.00,0.00,0.00,1.25,0.00,0.00,2.99,0.00,0.00,0.00,0.00,35.00,0.00,NULL,NULL,NULL,0.00,0.00,0.00,0.00,0.00,0.00,0.00
787703,Pizza Palace (Reisterstown),252381,NULL,2024-12-06,USD,142.92,7.44,12.21,0.00,0.00,24.33,0.00,10.50,0.00,0.00,0.00,124.32,124.32,2024-12-02,2024-12-02,2024-12-02,2024-12-03,444872047,PAID,0.00,0.00,0.00,0.00,0.00,0.00,0.00,0.00,0.00,0.00,0.00,10.50,0.00,NULL,NULL,NULL,0.00,0.00,0.00,0.00,0.00,0.00,0.00
787703,Pizza Palace (Reisterstown),252381,NULL,2024-12-05,USD,89.20,4.57,9.09,0.00,0.00,16.34,0.00,15.50,0.00,0.00,0.00,80.84,80.84,2024-12-01,2024-12-01,2024-12-01,2024-12-01,444854366,PAID,0.00,0.00,3.00,0.00,0.00,0.00,0.00,0.00,0.00,0.00,0.00,15.50,0.00,NULL,NULL,NULL,0.00,0.00,0.00,0.00,0.00,0.00,0.00
787703,Pizza Palace (Reisterstown),252381,NULL,2024-12-04,USD,145.25,7.55,13.80,0.00,0.00,23.66,0.00,13.12,0.00,0.00,0.00,131.45,131.45,2024-11-30,2024-11-30,2024-11-30,2024-12-01,444324450,PAID,0.00,0.00,0.00,0.00,0.00,0.00,2.99,0.00,0.00,0.00,3.62,9.50,0.00,NULL,NULL,NULL,0.00,0.00,0.00,0.00,0.00,0.00,0.00
787703,Pizza Palace (Reisterstown),252381,NULL,2024-12-03,USD,15.99,0.82,0.82,0.00,0.00,3.39,0.00,0.00,0.00,0.00,0.00,12.60,12.60,2024-11-29,2024-11-29,2024-11-30,2024-11-30,444239446,PAID,0.00,0.00,0.00,0.00,0.00,0.00,0.00,0.00,0.00,0.00,0.00,0.00,0.00,NULL,NULL,NULL,0.00,0.00,0.00,0.00,0.00,0.00,0.00
787703,Pizza Palace (Reisterstown),252381,NULL,2024-12-02,USD,401.08,21.33,45.97,0.00,0.00,103.34,0.00,48.53,0.00,72.73,0.00,263.85,263.85,2024-11-26,2024-11-28,2024-11-27,2024-11-28,444072616,PAID,0.00,0.00,0.00,0.00,0.00,0.00,14.95,0.00,0.00,0.00,1.53,47.00,0.00,NULL,NULL,NULL,0.00,0.00,0.00,0.00,0.00,0.00,0.00
